{"mse": 7.525740598505867e-06, "mae": 0.00028134532912255295, "explained_var": 0.9999997850836598, "r2": 0.999999784534127}